{"cameraMode":{"drawMode":0,"name":"Shaded","section":"Shading Mode"},"sceneLighting":true,"audioPlay":false,"sceneViewState":{"showFog":true,"showMaterialUpdate":false,"showSkybox":true,"showFlares":true,"showImageEffects":true,"showParticleSystems":true,"showVisualEffectGraphs":true,"m_FxEnabled":true},"in2DMode":false,"pivot":{"x":0.16707897186279298,"y":0.8110661506652832,"z":0.15232443809509278},"rotation":{"x":-0.10731794685125351,"y":0.8870811462402344,"z":-0.26019129157066347,"w":-0.3658830225467682},"size":151.96226501464845,"orthographic":false}